indicator_code,indicator_name,date,value,frequency
GDP,国内生产总值,2025-09-01,1015036.0,q
GDP,国内生产总值,2025-06-01,660536.0,q
GDP,国内生产总值,2025-03-01,318758.0,q
GDP,国内生产总值,2024-12-01,1349083.5,q
GDP,国内生产总值,2024-09-01,949745.7,q
GDP,国内生产总值,2024-06-01,616836.0,q
GDP,国内生产总值,2024-03-01,296299.0,q
GDP,国内生产总值,2023-12-01,1260582.1,q
GDP,国内生产总值,2023-09-01,913027.0,q
GDP,国内生产总值,2023-06-01,593034.2,q
GDP,国内生产总值,2023-03-01,284996.6,q
GDP,国内生产总值,2022-12-01,1210207.0,q
GDP,国内生产总值,2022-09-01,870269.0,q
GDP,国内生产总值,2022-06-01,562642.0,q
GDP,国内生产总值,2022-03-01,270178.0,q
GDP,国内生产总值,2021-12-01,1143670.0,q
GDP,国内生产总值,2021-09-01,823131.0,q
GDP,国内生产总值,2021-06-01,532167.0,q
GDP,国内生产总值,2021-03-01,249310.0,q
GDP,国内生产总值,2020-12-01,1015986.2,q
GDP,国内生产总值,2020-09-01,722786.4,q
GDP,国内生产总值,2020-06-01,456614.4,q
GDP,国内生产总值,2020-03-01,206504.3,q
GDP,国内生产总值,2019-12-01,990865.1,q
GDP,国内生产总值,2019-09-01,712845.4,q
GDP,国内生产总值,2019-06-01,460636.7,q
GDP,国内生产总值,2019-03-01,218062.8,q
GDP,国内生产总值,2018-12-01,900309.5,q
GDP,国内生产总值,2018-09-01,646710.9,q
GDP,国内生产总值,2018-06-01,417215.4,q
GDP,国内生产总值,2018-03-01,197920.0,q
GDP,国内生产总值,2017-12-01,820754.3,q
GDP,国内生产总值,2017-09-01,588405.3,q
GDP,国内生产总值,2017-06-01,378581.1,q
GDP,国内生产总值,2017-03-01,179403.4,q
GDP,国内生产总值,2016-12-01,740060.8,q
GDP,国内生产总值,2016-09-01,530183.6,q
GDP,国内生产总值,2016-06-01,340846.0,q
GDP,国内生产总值,2016-03-01,160967.3,q
GDP,国内生产总值,2015-12-01,685992.9,q
GDP,国内生产总值,2015-09-01,494272.1,q
GDP,国内生产总值,2015-06-01,318468.4,q
GDP,国内生产总值,2015-03-01,150593.8,q
GDP,国内生产总值,2014-12-01,641280.6,q
GDP,国内生产总值,2014-09-01,461090.3,q
GDP,国内生产总值,2014-06-01,296192.5,q
GDP,国内生产总值,2014-03-01,140270.2,q
GDP,国内生产总值,2013-12-01,592963.2,q
GDP,国内生产总值,2013-09-01,425190.9,q
GDP,国内生产总值,2013-06-01,272968.2,q
GDP,国内生产总值,2013-03-01,129449.6,q
GDP,国内生产总值,2012-12-01,538580.0,q
GDP,国内生产总值,2012-09-01,386767.9,q
GDP,国内生产总值,2012-06-01,248678.3,q
GDP,国内生产总值,2012-03-01,117357.6,q
GDP,国内生产总值,2011-12-01,472882.0,q
GDP,国内生产总值,2011-09-01,321219.1,q
GDP,国内生产总值,2011-06-01,205775.4,q
GDP,国内生产总值,2011-03-01,97101.2,q
GDP,国内生产总值,2010-12-01,401512.8,q
GDP,国内生产总值,2010-09-01,272626.7,q
GDP,国内生产总值,2010-06-01,174878.8,q
GDP,国内生产总值,2010-03-01,82613.4,q
GDP,国内生产总值,2009-12-01,340903.0,q
GDP,国内生产总值,2009-09-01,231303.3,q
GDP,国内生产总值,2009-06-01,148203.6,q
GDP,国内生产总值,2009-03-01,69816.9,q
GDP,国内生产总值,2008-12-01,314045.4,q
GDP,国内生产总值,2008-09-01,217026.1,q
GDP,国内生产总值,2008-06-01,140477.8,q
GDP,国内生产总值,2008-03-01,66283.8,q
GDP,国内生产总值,2007-12-01,265810.3,q
GDP,国内生产总值,2007-09-01,180101.1,q
GDP,国内生产总值,2007-06-01,115998.9,q
GDP,国内生产总值,2007-03-01,54755.9,q
GDP,国内生产总值,2006-12-01,216314.4,q
GDP,国内生产总值,2006-09-01,147341.3,q
GDP,国内生产总值,2006-06-01,95428.5,q
GDP,国内生产总值,2006-03-01,45315.8,q
GDP,国内生产总值,2005-12-01,184937.4,q
GDP,国内生产总值,2005-09-01,126657.0,q
GDP,国内生产总值,2005-06-01,81912.6,q
GDP,国内生产总值,2005-03-01,39117.4,q
GDP,国内生产总值,2004-12-01,159878.3,q
GDP,国内生产总值,2004-09-01,109967.6,q
GDP,国内生产总值,2004-06-01,70405.9,q
GDP,国内生产总值,2004-03-01,33420.6,q
GDP,国内生产总值,2003-12-01,135822.8,q
GDP,国内生产总值,2003-09-01,93329.3,q
GDP,国内生产总值,2003-06-01,59868.9,q
GDP,国内生产总值,2003-03-01,28861.8,q
GDP,国内生产总值,2002-12-01,120332.7,q
GDP,国内生产总值,2002-09-01,83056.7,q
GDP,国内生产总值,2002-06-01,53341.0,q
GDP,国内生产总值,2002-03-01,25375.7,q
GDP,国内生产总值,2001-12-01,109655.2,q
GDP,国内生产总值,2001-09-01,75818.2,q
GDP,国内生产总值,2001-06-01,48950.9,q
GDP,国内生产总值,2001-03-01,23299.5,q
GDP,国内生产总值,2000-12-01,99214.6,q
GDP,国内生产总值,2000-09-01,68087.5,q
GDP,国内生产总值,2000-06-01,43748.2,q
GDP,国内生产总值,2000-03-01,20647.0,q
GDP,国内生产总值,1999-12-01,89677.1,q
GDP,国内生产总值,1999-09-01,61414.2,q
GDP,国内生产总值,1999-06-01,39554.9,q
GDP,国内生产总值,1999-03-01,18789.7,q
GDP,国内生产总值,1998-12-01,84402.3,q
GDP,国内生产总值,1998-09-01,57595.2,q
GDP,国内生产总值,1998-06-01,37222.7,q
GDP,国内生产总值,1998-03-01,17501.3,q
GDP,国内生产总值,1997-12-01,78973.0,q
GDP,国内生产总值,1997-09-01,54102.4,q
GDP,国内生产总值,1997-06-01,34954.3,q
GDP,国内生产总值,1997-03-01,16256.7,q
GDP,国内生产总值,1996-12-01,71176.6,q
GDP,国内生产总值,1996-09-01,48533.1,q
GDP,国内生产总值,1996-06-01,30861.8,q
GDP,国内生产总值,1996-03-01,14261.2,q
GDP,国内生产总值,1995-12-01,60793.7,q
GDP,国内生产总值,1995-09-01,41502.6,q
GDP,国内生产总值,1995-06-01,25967.6,q
GDP,国内生产总值,1995-03-01,11858.5,q
GDP,国内生产总值,1994-12-01,48197.9,q
GDP,国内生产总值,1994-09-01,32596.6,q
GDP,国内生产总值,1994-06-01,20149.7,q
GDP,国内生产总值,1994-03-01,9064.7,q
GDP,国内生产总值,1993-12-01,35333.9,q
GDP,国内生产总值,1993-09-01,23591.5,q
GDP,国内生产总值,1993-06-01,14543.5,q
GDP,国内生产总值,1993-03-01,6500.5,q
GDP,国内生产总值,1992-12-01,26923.5,q
GDP,国内生产总值,1992-09-01,18451.5,q
GDP,国内生产总值,1992-06-01,11332.1,q
GDP,国内生产总值,1992-03-01,4974.3,q
GDP,国内生产总值,1991-12-01,21781.5,q
GDP,国内生产总值,1990-12-01,18667.8,q
GDP,国内生产总值,1989-12-01,16992.3,q
GDP,国内生产总值,1988-12-01,15042.8,q
GDP,国内生产总值,1987-12-01,12058.6,q
GDP,国内生产总值,1986-12-01,10275.2,q
GDP,国内生产总值,1985-12-01,9016.0,q
GDP,国内生产总值,1984-12-01,7208.1,q
GDP,国内生产总值,1983-12-01,5962.7,q
GDP,国内生产总值,1982-12-01,5323.4,q
GDP,国内生产总值,1981-12-01,4891.6,q
GDP,国内生产总值,1980-12-01,4545.6,q
GDP,国内生产总值,1979-12-01,4062.6,q
GDP,国内生产总值,1978-12-01,3645.2,q
GDP,国内生产总值,1977-12-01,3201.9,q
GDP,国内生产总值,1976-12-01,2943.7,q
GDP,国内生产总值,1975-12-01,2997.3,q
GDP,国内生产总值,1974-12-01,2789.9,q
GDP,国内生产总值,1973-12-01,2720.9,q
GDP,国内生产总值,1972-12-01,2518.1,q
GDP,国内生产总值,1971-12-01,2426.4,q
GDP,国内生产总值,1970-12-01,2252.7,q
GDP,国内生产总值,1969-12-01,1937.9,q
GDP,国内生产总值,1968-12-01,1723.1,q
GDP,国内生产总值,1967-12-01,1773.9,q
GDP,国内生产总值,1966-12-01,1868.0,q
GDP,国内生产总值,1965-12-01,1716.1,q
GDP,国内生产总值,1964-12-01,1454.0,q
GDP,国内生产总值,1963-12-01,1233.3,q
GDP,国内生产总值,1962-12-01,1149.3,q
GDP,国内生产总值,1961-12-01,1220.0,q
GDP,国内生产总值,1960-12-01,1457.0,q
GDP,国内生产总值,1959-12-01,1439.0,q
GDP,国内生产总值,1958-12-01,1307.0,q
GDP,国内生产总值,1957-12-01,1068.0,q
GDP,国内生产总值,1956-12-01,1028.0,q
GDP,国内生产总值,1955-12-01,910.0,q
GDP,国内生产总值,1954-12-01,859.0,q
GDP,国内生产总值,1953-12-01,824.0,q
GDP,国内生产总值,1952-12-01,679.0,q
